url,name,address,city,state,phone
http://www.yukondentistry.ca/,Results,"209 Lowe St, Whitehorse, YT Y1A 1W5, Canada",YT Y1A 1W5,Canada,+1 867-668-3909
https://www.klondykedental.ca/site/home?utm_source=G&utm_medium=LPM&utm_campaign=DentalCorp,Results,"202 Strickland St, Whitehorse, YT Y1A 2J8, Canada",YT Y1A 2J8,Canada,+1 867-668-3152
http://www.riverstonedental.ca/,Results,"409 Cook St, Whitehorse, YT Y1A 2R2, Canada",YT Y1A 2R2,Canada,+1 867-668-6077
https://www.dandeliondentalcentre.ca/site/home?utm_source=G&utm_medium=LPM&utm_campaign=DentalCorp,Results,"202A Strickland St, Whitehorse, YT Y1A 2J8, Canada",YT Y1A 2J8,Canada,+1 867-470-4933
https://www.whitehorsedental.ca/,Results,"406 Lambert St, Whitehorse, YT Y1A 1Z7, Canada",YT Y1A 1Z7,Canada,+1 867-667-4486
http://www.pinedental.ca/,Results,"204 Black St #101, Whitehorse, YT Y1A 2M9, Canada",YT Y1A 2M9,Canada,+1 867-668-2273
http://www.muttayadental.ca/,Results,"4069 4Th, Whitehorse, YT Y1A 1H1, Canada",YT Y1A 1H1,Canada,+1 867-633-4401
https://yukondds.com/,Results,"901 E Main St Ste 100, Yukon, OK 73099",Yukon,OK,(405) 493-0830
https://www.eliasdental.ca/,Results,"200, 4078 4 Ave 2nd Floor, Whitehorse, YT Y1A 4K8, Canada",YT Y1A 4K8,Canada,+1 867-393-3700
http://yukondentistry.ca/,Results,"209 Lowe St, Whitehorse, YT Y1A 1W5, Canada",YT Y1A 1W5,Canada,+1 867-668-3909
